input_array,true_sight_outputs,calculated_outputs,,synaptic_weight,training_iterations,dataset_size,array_size,one_position_rule,seed
[0 0 0],0.0,0.5,,[ 55.74009828 -25.85956055 -21.00875619],43000,1500,3,1,312188516
[0 0 1],0.0,7.516455904098437e-10
[0 1 0],0.0,5.879434411263449e-12
[0 1 1],0.0,4.419250952677745e-21
[1 0 0],1.0,1.0
[1 0 1],1.0,0.9999999999999991
[1 1 0],1.0,0.9999999999998945
[1 1 1],1.0,0.9998597272516981
